prediction_model,size,uncertainty,n,mae_mean,mae_sd,rmse_mean,rmse_sd,mape_mean,mape_sd,coverage_95_mean,coverage_95_sd,false_feasible_rate_mean,false_feasible_rate_sd
fixed_physics,M,high,10,6.999373,1.111931,9.059518,1.437398,0.130911,0.018167,0.666,0.08592,0.0,0.0
fixed_physics,M,low,10,5.48623,0.968155,7.111967,1.315129,0.099659,0.013546,0.722,0.118303,0.0,0.0
fixed_physics,M,medium,10,6.011305,1.012557,7.803117,1.351758,0.110239,0.014845,0.704,0.106583,0.0,0.0
point_pinn,M,high,10,6.834436,1.079566,8.638363,1.266644,0.140697,0.028064,0.854,0.055817,0.0,0.0
point_pinn,M,low,10,4.954966,0.782685,6.262813,0.918317,0.098754,0.018333,0.936,0.035024,0.0,0.0
point_pinn,M,medium,10,5.638409,0.890642,7.12665,1.044981,0.113553,0.021567,0.898,0.030478,0.0,0.0
probabilistic_pinn,M,high,10,6.728038,1.043913,8.516642,1.227526,0.138617,0.028024,1.0,0.0,0.0,0.0
probabilistic_pinn,M,low,10,4.878728,0.757391,6.17578,0.890404,0.097308,0.018237,0.996,0.008433,0.0,0.0
probabilistic_pinn,M,medium,10,5.551204,0.86158,7.027001,1.012994,0.111881,0.021484,1.0,0.0,0.0,0.0
