model,mae,rmse,coverage_95,false_feasible_rate,training_sample_count,test_sample_count
nominal_physics,7.3277956538461515,8.112670134458797,0.8376068376068376,0.0,0,468
simulation_trained_surrogate,1.1626312606837614,1.4523022443516824,1.0,0.0,936,468
